date,day_of_week,hour_of_day,is_weekend,temperature,is_holiday,solar_generation,electricity_demand,is_summer,is_winter,is_monsoon,predicted_demand
2023-12-02,5,14,1,7.842222896,0,219.4523964,272.7725677,0,1,0,405.07343
2023-12-02,5,15,1,11.67429149,0,95.1402086,512.5907902,0,1,0,477.03897
2023-12-02,5,16,1,14.84649466,0,228.0067889,452.8442173,0,1,0,415.19412
2023-12-02,5,17,1,14.29144789,0,78.3903063,488.8702485,0,1,0,492.31717
2023-12-02,5,18,1,12.44398953,0,98.51548121,532.5331786,0,1,0,573.9903
2023-12-02,5,23,1,13.54953529,0,4.733857613,494.2937451,0,1,0,496.92856
2023-12-02,5,20,1,23.7837078,0,2.381249789,677.9705006,0,1,0,633.53577
2023-12-02,5,21,1,13.57587841,0,6.416689709,578.1021979,0,1,0,613.6923
2023-12-02,5,22,1,17.90388102,0,8.052834847,560.8610601,0,1,0,608.2705
2023-12-02,5,13,1,18.32632733,0,75.68388415,456.0822869,0,1,0,500.88602
2023-12-02,5,19,1,9.92962316,0,8.352799305,565.8609258,0,1,0,605.4891
2023-12-02,5,12,1,14.75477483,0,220.1236767,390.5363128,0,1,0,418.37497
2023-12-02,5,11,1,12.32476806,0,191.0726268,430.2488194,0,1,0,428.21786
2023-12-02,5,10,1,22.4573729,0,283.7320376,419.7583514,0,1,0,404.64703
2023-12-02,5,1,1,15.53723812,0,8.141530225,613.4236331,0,1,0,527.4811
2023-12-02,5,2,1,12.91905417,0,8.432197326,482.2967555,0,1,0,522.1934
2023-12-02,5,3,1,18.37616333,0,1.228435247,571.0036904,0,1,0,537.107
2023-12-02,5,4,1,22.32075224,0,0.855618181,503.2315062,0,1,0,544.99115
2023-12-02,5,0,1,15.1904568,0,1.526062231,490.2561655,0,1,0,529.9019
2023-12-02,5,6,1,25.6526083,0,168.4422967,476.742104,0,1,0,466.52115
2023-12-02,5,7,1,3.608708571,0,189.7090898,465.0993258,0,1,0,410.54245
2023-12-02,5,8,1,11.32229339,0,282.4744193,412.9190876,0,1,0,385.49887
2023-12-02,5,9,1,2.269852234,0,245.8550673,382.3743081,0,1,0,384.57504
2023-12-02,5,5,1,16.41425236,0,4.467476848,551.3775025,0,1,0,532.0412
2023-12-03,6,13,1,18.54977527,0,267.7885532,473.4678752,0,1,0,404.339
2023-12-03,6,22,1,28.86867589,0,6.408267661,698.7259641,0,1,0,632.1997
2023-12-03,6,21,1,4.489716447,0,7.974474461,685.0784916,0,1,0,595.07214
2023-12-03,6,20,1,16.9152638,0,5.047748349,590.9260706,0,1,0,620.62134
2023-12-03,6,19,1,21.46491922,0,4.177972057,588.7588573,0,1,0,629.1734
2023-12-03,6,18,1,17.64688167,0,120.0538086,656.3475743,0,1,0,574.1917
2023-12-03,6,17,1,23.43787334,0,71.78563433,536.4518143,0,1,0,513.45483
2023-12-03,6,16,1,19.58780439,0,124.2023424,393.7546328,0,1,0,478.79645
2023-12-03,6,15,1,16.86048077,0,272.583149,356.9677277,0,1,0,399.00714
2023-12-03,6,14,1,15.65682795,0,137.3828142,402.7162613,0,1,0,463.5825
2023-12-03,6,12,1,19.36325221,0,165.210051,492.4657585,0,1,0,456.77557
2023-12-03,6,23,1,12.93499382,0,0.955064342,440.543227,0,1,0,500.4003
2023-12-03,6,10,1,12.44252364,0,234.5400583,410.3737535,0,1,0,408.38028
2023-12-03,6,0,1,15.68470332,0,9.544966062,499.1692133,0,1,0,526.5386
2023-12-03,6,1,1,8.96189822,0,4.148778251,559.0077036,0,1,0,515.56104
2023-12-03,6,2,1,2.224474569,0,3.843838396,448.2671948,0,1,0,502.01517
2023-12-03,6,3,1,20.83682835,0,6.73025932,517.9998248,0,1,0,538.8278
2023-12-03,6,4,1,19.95976567,0,4.750821495,639.5870341,0,1,0,538.2325
2023-12-03,6,11,1,16.60444532,0,295.5170108,362.0252695,0,1,0,390.08194
2023-12-03,6,6,1,3.873069799,0,75.59402663,527.9655657,0,1,0,469.54834
2023-12-03,6,7,1,6.618700126,0,240.6079041,348.2752022,0,1,0,395.59073
2023-12-03,6,8,1,19.71945336,0,164.5776264,476.8633182,0,1,0,457.0969
2023-12-03,6,9,1,23.01469521,0,209.5082617,525.1352111,0,1,0,440.98108
2023-12-03,6,5,1,15.14802436,0,6.392063164,496.9009913,0,1,0,528.29565
2023-12-04,0,14,0,12.29770719,0,136.9403392,493.9277945,0,1,0,457.55795
2023-12-04,0,15,0,8.637370066,0,119.0496985,488.215841,0,1,0,459.17175
2023-12-04,0,16,0,5.685703878,0,204.6427656,406.3557133,0,1,0,408.97824
2023-12-04,0,17,0,20.21328781,0,181.7011819,445.4605743,0,1,0,452.73062
2023-12-04,0,18,0,20.09975979,0,166.6704182,532.2959131,0,1,0,556.5707
2023-12-04,0,20,0,16.88382127,0,0.341647071,655.8401767,0,1,0,623.8957
2023-12-04,0,21,0,14.33431672,0,4.836408176,642.4432748,0,1,0,618.5929
2023-12-04,0,22,0,18.22550707,0,3.056498108,645.9752807,0,1,0,611.12634
2023-12-04,0,23,0,30.03845647,0,4.719986738,564.3691104,0,1,0,525.3449
2023-12-04,0,13,0,13.73421562,0,272.6011177,459.7485446,0,1,0,394.1637
2023-12-04,0,19,0,15.46942978,0,4.008350102,740.6533007,0,1,0,621.0283
2023-12-04,0,12,0,13.65282336,0,137.8842098,424.7251368,0,1,0,459.74854
2023-12-04,0,11,0,15.01197796,0,299.5541029,360.8681348,0,1,0,386.2809
2023-12-04,0,10,0,14.08061301,0,51.59439616,499.5693098,0,1,0,504.37363
2023-12-04,0,9,0,20.28089696,0,228.4827107,473.3469703,0,1,0,426.0741
2023-12-04,0,8,0,13.22408214,0,94.0122613,399.612517,0,1,0,480.6623
2023-12-04,0,7,0,14.1565285,0,60.18908007,438.5717952,0,1,0,499.58047
2023-12-04,0,6,0,11.28360243,0,138.5306924,510.1268759,0,1,0,452.27203
2023-12-04,0,5,0,9.450612913,0,5.58844528,501.0098789,0,1,0,516.8048
2023-12-04,0,4,0,18.4183932,0,9.858929238,601.0164296,0,1,0,532.47284
2023-12-04,0,3,0,18.16051972,0,1.420790345,587.6308432,0,1,0,535.78937
2023-12-04,0,2,0,22.23035674,0,3.194276869,505.589753,0,1,0,542.7786
2023-12-04,0,1,0,18.46697617,0,1.132718999,625.2760092,0,1,0,535.86536
2023-12-04,0,0,0,8.518789899,0,7.021931791,496.2245435,0,1,0,510.10007
2023-12-05,1,14,0,18.50307887,0,224.4026829,392.464542,0,1,0,425.76788
2023-12-05,1,15,0,16.66648077,0,106.1082374,441.6038112,0,1,0,482.3698
2023-12-05,1,16,0,10.29725343,0,79.34569112,460.9343772,0,1,0,482.65305
2023-12-05,1,17,0,11.20195966,0,201.7127523,433.5104176,0,1,0,425.0027
2023-12-05,1,18,0,25.32262994,0,150.6224338,617.3606431,0,1,0,575.28143
2023-12-05,1,23,0,12.45128832,0,0.36540138,468.6433352,0,1,0,496.40543
2023-12-05,1,20,0,14.50146758,0,8.641030706,645.9397748,0,1,0,617.6027
2023-12-05,1,21,0,12.24938622,0,8.732586815,665.1277176,0,1,0,613.5444
2023-12-05,1,22,0,9.743318827,0,7.241780807,648.4939381,0,1,0,595.85333
2023-12-05,1,13,0,9.339750561,0,243.9667454,417.3325879,0,1,0,399.27533
2023-12-05,1,19,0,15.24880036,0,8.45433037,657.7168865,0,1,0,618.9844
2023-12-05,1,12,0,6.668959396,0,134.1516781,370.2748796,0,1,0,447.52402
2023-12-05,1,11,0,10.14255109,0,134.4829117,483.7878202,0,1,0,454.42993
2023-12-05,1,10,0,10.06954585,0,217.2959734,346.1638362,0,1,0,412.42212
2023-12-05,1,9,0,19.28517899,0,50.13155465,596.5942313,0,1,0,515.41736
2023-12-05,1,8,0,13.77844595,0,267.2204602,254.1747246,0,1,0,397.80685
2023-12-05,1,7,0,13.96881856,0,225.2468921,371.8240142,0,1,0,415.3938
2023-12-05,1,6,0,13.83828773,0,193.8482646,461.4679402,0,1,0,429.68695
2023-12-05,1,5,0,17.44922697,0,8.254901333,587.5481378,0,1,0,531.54504
2023-12-05,1,4,0,20.94800437,0,1.96363852,540.2773261,0,1,0,541.13806
2023-12-05,1,3,0,19.30271584,0,9.35255461,395.0954824,0,1,0,534.1817
2023-12-05,1,2,0,21.28573181,0,5.167258512,553.8011985,0,1,0,539.9032
2023-12-05,1,1,0,15.86316801,0,0.531786192,504.3471287,0,1,0,530.9128
2023-12-05,1,0,0,-2.428963382,0,5.625576506,506.56865,0,1,0,485.71484
2023-12-06,2,14,0,14.8172972,0,90.44317097,517.4243966,0,1,0,486.3189
2023-12-06,2,15,0,18.48243647,0,106.4028545,551.9991976,0,1,0,485.8082
2023-12-06,2,16,0,16.40475083,0,208.4163341,446.7261574,0,1,0,430.282
2023-12-06,2,17,0,16.83613726,0,182.3363779,470.035836,0,1,0,445.7968
2023-12-06,2,18,0,19.34464349,0,73.28648243,604.8514175,0,1,0,601.42883
2023-12-06,2,23,0,14.03008939,0,8.666946818,567.5601258,0,1,0,495.14825
2023-12-06,2,20,0,11.72447926,0,9.556191657,596.2063036,0,1,0,611.67804
2023-12-06,2,21,0,13.28677684,0,2.742707722,667.8729149,0,1,0,615.2748
2023-12-06,2,22,0,21.65743646,0,4.576309832,589.7440585,0,1,0,616.994
2023-12-06,2,13,0,20.5125873,0,260.9576433,419.3487392,0,1,0,411.9622
2023-12-06,2,19,0,10.22131687,0,2.983098929,632.2069604,0,1,0,609.109
2023-12-06,2,12,0,11.67851477,0,289.3961047,304.4852786,0,1,0,386.63324
2023-12-06,2,11,0,12.96256273,0,124.1171927,404.5375654,0,1,0,465.6255
2023-12-06,2,10,0,10.2005441,0,138.2069007,546.7604527,0,1,0,452.77914
2023-12-06,2,1,0,16.86493021,0,4.513189727,579.6942467,0,1,0,530.9956
2023-12-06,2,2,0,9.333525572,0,3.746751701,483.6534416,0,1,0,516.32806
2023-12-06,2,3,0,14.83642619,0,8.698951642,425.6406541,0,1,0,525.50543
2023-12-06,2,4,0,13.39444932,0,5.249662953,459.082384,0,1,0,524.7049
2023-12-06,2,0,0,15.63025876,0,7.676896399,583.5910411,0,1,0,526.4152
2023-12-06,2,6,0,12.29979676,0,100.0416822,398.7944412,0,1,0,475.15085
2023-12-06,2,7,0,10.86477593,0,273.0147789,355.9371502,0,1,0,391.31094
2023-12-06,2,8,0,7.883501121,0,295.4939821,340.2577818,0,1,0,380.38275
2023-12-06,2,9,0,15.97135278,0,289.1016857,440.1374647,0,1,0,393.5529
2023-12-06,2,5,0,14.42009995,0,5.442155834,557.7998709,0,1,0,526.9047
2023-12-07,3,13,0,6.690540771,0,239.2413184,352.7145993,0,1,0,397.81143
2023-12-07,3,22,0,19.23429328,0,4.35905675,637.7875214,0,1,0,613.84314
2023-12-07,3,21,0,12.29477953,0,9.845052799,644.7583339,0,1,0,612.5131
2023-12-07,3,20,0,22.24065905,0,6.918561625,663.6110313,0,1,0,630.50226
2023-12-07,3,19,0,19.92160886,0,2.036440463,612.1760931,0,1,0,627.54175
2023-12-07,3,18,0,14.03030673,0,182.7383789,505.1959713,0,1,0,535.07294
2023-12-07,3,17,0,11.70786455,0,269.3411103,408.6216414,0,1,0,394.78534
2023-12-07,3,16,0,14.25920227,0,51.92358195,528.8501227,0,1,0,503.5166
2023-12-07,3,15,0,8.243850204,0,153.9264587,411.3879645,0,1,0,441.08282
2023-12-07,3,14,0,13.88783039,0,173.851025,466.9365574,0,1,0,442.34766
2023-12-07,3,12,0,26.72973215,0,139.2118918,463.6300392,0,1,0,485.84924
2023-12-07,3,23,0,5.326969245,0,9.85089871,501.747376,0,1,0,482.59738
2023-12-07,3,10,0,14.26316594,0,92.7676922,543.2186283,0,1,0,483.9534
2023-12-07,3,0,0,15.14257188,0,4.053865442,459.0775235,0,1,0,527.2032
2023-12-07,3,1,0,21.24654345,0,8.848246505,550.2204541,0,1,0,537.42505
2023-12-07,3,2,0,15.51253464,0,6.826360358,599.7100969,0,1,0,527.308
2023-12-07,3,3,0,23.54037936,0,5.63888783,520.8483799,0,1,0,543.6157
2023-12-07,3,4,0,11.87805258,0,9.832420598,499.7045724,0,1,0,519.2808
2023-12-07,3,11,0,18.56143972,0,171.9549396,483.0137391,0,1,0,452.61856
2023-12-07,3,6,0,12.25515671,0,153.1969726,364.0773838,0,1,0,448.11115
2023-12-07,3,7,0,15.92393787,0,229.8138959,409.1499441,0,1,0,418.01605
2023-12-07,3,8,0,15.97965332,0,232.3854751,311.6420932,0,1,0,417.2191
2023-12-07,3,9,0,4.40404081,0,273.0237512,342.2146811,0,1,0,383.3317
2023-12-07,3,5,0,7.520745465,0,8.882201386,513.079184,0,1,0,511.5854
2023-12-08,4,14,0,3.114667422,0,142.915382,412.1245724,0,1,0,436.47192
2023-12-08,4,15,0,13.66799595,0,182.0549643,347.2799329,0,1,0,437.84363
2023-12-08,4,16,0,16.00866871,0,62.50616183,524.3888209,0,1,0,501.6746
2023-12-08,4,17,0,13.35031336,0,153.6093458,547.3551853,0,1,0,453.31857
2023-12-08,4,18,0,16.93458345,0,52.48329893,618.1507116,0,1,0,605.14557
2023-12-08,4,20,0,16.13232955,0,0.147392544,539.2084547,0,1,0,620.5439
2023-12-08,4,21,0,12.81929001,0,1.562124601,621.1087927,0,1,0,614.11285
2023-12-08,4,22,0,15.76348154,0,0.116092195,626.1954688,0,1,0,611.6183
2023-12-08,4,23,0,16.95992138,0,6.492867815,515.8357482,0,1,0,504.1307
2023-12-08,4,13,0,18.76516677,0,261.8639014,389.927777,0,1,0,408.96933
2023-12-08,4,19,0,21.08747344,0,3.558295443,637.3466937,0,1,0,629.03595
2023-12-08,4,12,0,9.273828838,0,290.832248,354.5444402,0,1,0,384.4983
2023-12-08,4,11,0,15.79102459,0,80.69247479,465.2294577,0,1,0,492.87738
2023-12-08,4,10,0,10.96695415,0,100.6236358,561.504239,0,1,0,473.34854
2023-12-08,4,1,0,8.135856745,0,1.346534167,539.3551519,0,1,0,514.5529
2023-12-08,4,2,0,23.17373902,0,9.35822333,499.4621039,0,1,0,540.65643
2023-12-08,4,3,0,23.24779796,0,3.18152011,553.1304561,0,1,0,543.8088
2023-12-08,4,4,0,11.57040327,0,3.907730615,486.6825517,0,1,0,521.45013
2023-12-08,4,0,0,11.20804311,0,9.171267893,393.3449302,0,1,0,516.2428
2023-12-08,4,6,0,11.04629915,0,132.929415,354.9974491,0,1,0,456.0856
2023-12-08,4,7,0,17.44091172,0,81.12194649,554.1522931,0,1,0,495.31937
2023-12-08,4,8,0,12.08238674,0,255.6390003,390.9015186,0,1,0,401.9205
2023-12-08,4,9,0,9.426194583,0,233.0045723,384.0263742,0,1,0,406.63055
2023-12-08,4,5,0,14.71691356,0,8.380849819,488.4323522,0,1,0,525.53625
2023-12-09,5,13,1,11.86354659,0,158.230854,416.1094611,0,1,0,444.5113
2023-12-09,5,22,1,16.51564776,0,4.909316839,586.7422361,0,1,0,607.65485
2023-12-09,5,21,1,22.30759321,0,0.560152131,629.9533974,0,1,0,631.08704
2023-12-09,5,20,1,13.33226451,0,1.999047105,610.4636599,0,1,0,613.4196
2023-12-09,5,19,1,6.690831691,0,8.851567454,657.2145558,0,1,0,598.31445
2023-12-09,5,18,1,12.2483526,0,175.3497773,562.4000671,0,1,0,535.0333
2023-12-09,5,17,1,18.29895478,0,198.1730913,535.9636046,0,1,0,440.65717
2023-12-09,5,16,1,33.06368798,0,51.46352002,609.3468587,0,1,0,541.541
2023-12-09,5,15,1,13.34822302,0,198.3141009,483.4164601,0,1,0,427.01114
2023-12-09,5,14,1,22.10322292,0,289.4708485,461.0854709,0,1,0,400.9308
2023-12-09,5,12,1,20.58856943,0,263.3443619,331.2879986,0,1,0,409.59174
2023-12-09,5,23,1,24.2453232,0,1.570559714,536.0648054,0,1,0,521.4182
2023-12-09,5,10,1,19.45240496,0,95.00379631,524.5329602,0,1,0,493.2891
2023-12-09,5,0,1,22.03925041,0,7.535075312,519.0976941,0,1,0,540.9316
2023-12-09,5,1,1,16.59454843,0,5.005718313,433.9565907,0,1,0,531.27454
2023-12-09,5,2,1,12.04942014,0,4.399084027,475.1142842,0,1,0,522.4928
2023-12-09,5,3,1,10.38840788,0,0.395557181,454.6595747,0,1,0,521.54565
2023-12-09,5,4,1,6.001427282,0,5.961887451,479.433437,0,1,0,510.01337
2023-12-09,5,11,1,12.84295375,0,117.1261628,489.6948075,0,1,0,467.97812
2023-12-09,5,6,1,16.67278282,0,210.0922578,466.539116,0,1,0,425.69006
2023-12-09,5,7,1,13.69965623,0,298.7025392,347.9602757,0,1,0,382.8211
2023-12-09,5,8,1,22.00958007,0,101.7582447,461.9488715,0,1,0,494.7569
2023-12-09,5,9,1,15.86036049,0,96.77120829,502.9664483,0,1,0,484.66818
2023-12-09,5,5,1,20.16876242,0,8.89021676,500.0291763,0,1,0,537.17236
2023-12-10,6,13,1,16.32396218,0,241.2306005,414.6962488,0,1,0,411.60394
2023-12-10,6,22,1,12.00261576,0,8.687209301,666.4412218,0,1,0,599.20184
2023-12-10,6,21,1,15.04928482,0,5.22489491,637.4837179,0,1,0,617.2395
2023-12-10,6,20,1,23.32454809,0,7.054457684,605.6072517,0,1,0,631.80273
2023-12-10,6,19,1,21.991774,0,7.962496625,619.5271563,0,1,0,629.26904
2023-12-10,6,18,1,10.93700625,0,86.38154427,549.3421619,0,1,0,576.2299
2023-12-10,6,17,1,15.23517718,0,218.3718987,419.8557635,0,1,0,424.36166
2023-12-10,6,16,1,19.22664715,0,293.2010854,378.7974396,0,1,0,394.6606
2023-12-10,6,15,1,8.915181572,0,284.8662504,345.1623599,0,1,0,382.87585
2023-12-10,6,14,1,16.07330114,0,263.2242287,412.8930342,0,1,0,401.67828
2023-12-10,6,12,1,5.56207828,0,291.9219945,316.5130362,0,1,0,376.85184
2023-12-10,6,23,1,21.57703046,0,3.607579566,554.0654526,0,1,0,515.7772
2023-12-10,6,10,1,15.98998116,0,206.5853941,461.4418474,0,1,0,428.23837
2023-12-10,6,0,1,22.21437831,0,9.948433555,584.0771073,0,1,0,539.6936
2023-12-10,6,1,1,22.20453267,0,0.75169546,561.3074321,0,1,0,544.1705
2023-12-10,6,2,1,8.223555975,0,3.452672868,468.010953,0,1,0,514.87225
2023-12-10,6,3,1,7.442144614,0,1.882338076,530.1522302,0,1,0,514.5718
2023-12-10,6,4,1,18.55927783,0,0.981253006,496.9421291,0,1,0,537.3647
2023-12-10,6,11,1,14.13304732,0,203.4509543,490.6065461,0,1,0,426.10696
2023-12-10,6,6,1,18.93598894,0,195.4517478,452.6465828,0,1,0,438.50842
2023-12-10,6,7,1,3.080198989,0,279.5806987,367.9151746,0,1,0,376.24588
2023-12-10,6,8,1,12.46614029,0,134.9614337,505.1399322,0,1,0,457.42258
2023-12-10,6,9,1,16.27933176,0,203.518539,340.974902,0,1,0,430.21573
2023-12-10,6,5,1,16.64765979,0,5.190820088,548.651991,0,1,0,531.80444
2023-12-11,0,13,0,11.9246782,0,136.3742224,566.5131669,0,1,0,456.99606
2023-12-11,0,14,0,30.28497819,0,268.993707,423.7944134,0,1,0,427.33386
2023-12-11,0,15,0,14.93873485,0,131.8312891,436.5056529,0,1,0,465.80887
2023-12-11,0,16,0,12.63997094,0,61.82634771,501.7999105,0,1,0,495.95108
2023-12-11,0,17,0,24.63697549,0,209.1203514,424.153487,0,1,0,447.53424
2023-12-11,0,19,0,17.71500889,0,4.261302048,670.3493136,0,1,0,625.08984
2023-12-11,0,20,0,22.23001305,0,9.688705539,610.9224294,0,1,0,631.6411
2023-12-11,0,21,0,18.32559346,0,0.378959192,589.9507951,0,1,0,626.31824
2023-12-11,0,22,0,16.03204479,0,9.110340989,626.2938321,0,1,0,604.0099
2023-12-11,0,12,0,6.306440527,0,289.320325,381.9923555,0,1,0,379.15985
2023-12-11,0,18,0,20.87992492,0,141.9492957,594.848651,0,1,0,570.772
2023-12-11,0,23,0,16.72735834,0,2.815842477,511.3496868,0,1,0,501.7936
2023-12-11,0,11,0,6.252691986,0,53.00136684,534.8560862,0,1,0,487.75653
2023-12-11,0,9,0,20.64294604,0,241.1153659,424.4470553,0,1,0,420.36847
2023-12-11,0,8,0,16.09245311,0,140.527902,436.9567118,0,1,0,462.5284
2023-12-11,0,7,0,9.905726025,0,250.0492964,397.7227611,0,1,0,396.58667
2023-12-11,0,6,0,9.444942755,0,250.7739903,457.4213101,0,1,0,394.86377
2023-12-11,0,5,0,9.825189394,0,9.986677885,435.2670571,0,1,0,515.31757
2023-12-11,0,4,0,11.1256247,0,2.219444871,500.7631913,0,1,0,521.48517
2023-12-11,0,3,0,15.29853778,0,7.469974796,550.4297857,0,1,0,526.9799
2023-12-11,0,2,0,8.691866315,0,4.061936186,509.2781527,0,1,0,514.05396
2023-12-11,0,1,0,19.38364888,0,7.556150123,596.7684766,0,1,0,534.60315
2023-12-11,0,0,0,11.27027228,0,9.366532396,452.788364,0,1,0,515.2698
2023-12-11,0,10,0,20.2898872,0,53.85175511,415.0069404,0,1,0,515.81116
2023-12-12,1,14,0,16.6662817,0,108.9809266,359.8156779,0,1,0,480.9154
2023-12-12,1,15,0,18.12562453,0,177.4098894,499.136979,0,1,0,449.24158
2023-12-12,1,16,0,17.18226251,0,74.29117801,512.1092863,0,1,0,498.9949
2023-12-12,1,17,0,16.28299221,0,197.29556,382.4638155,0,1,0,437.1589
2023-12-12,1,13,0,24.76285224,0,172.234568,452.4945442,0,1,0,465.3696
2023-12-12,1,19,0,10.90720105,0,2.090618373,724.6025952,0,1,0,611.30475
2023-12-12,1,20,0,9.078923711,0,7.414784395,690.8965961,0,1,0,607.4327
2023-12-12,1,21,0,16.84657724,0,4.216603326,687.3200964,0,1,0,622.3792
2023-12-12,1,22,0,10.8156586,0,4.64654006,695.9406395,0,1,0,598.51984
2023-12-12,1,18,0,14.46712375,0,233.5846462,635.7496805,0,1,0,512.1693
2023-12-12,1,12,0,18.70756394,0,222.4999359,420.1036887,0,1,0,426.97473
2023-12-12,1,23,0,17.5845522,0,5.211575497,415.6502475,0,1,0,502.29608
2023-12-12,1,10,0,19.41987869,0,111.5341205,509.697054,0,1,0,485.0701
2023-12-12,1,0,0,15.52513918,0,1.225451501,417.0198492,0,1,0,529.3508
2023-12-12,1,1,0,15.52236254,0,9.128483769,441.6679791,0,1,0,525.86053
2023-12-12,1,2,0,17.38775281,0,0.171624324,635.5030018,0,1,0,534.5836
2023-12-12,1,3,0,9.040818992,0,4.521886466,545.0036784,0,1,0,515.7207
2023-12-12,1,4,0,17.32117254,0,8.658692285,571.797496,0,1,0,530.8555
2023-12-12,1,11,0,19.64096456,0,225.0418897,409.4556844,0,1,0,427.50815
2023-12-12,1,6,0,14.26487106,0,247.9994559,391.1979397,0,1,0,405.89957
2023-12-12,1,7,0,8.728211312,0,200.2640925,414.6055635,0,1,0,416.85782
2023-12-12,1,8,0,24.60004084,0,194.6717812,451.2409478,0,1,0,452.38287
2023-12-12,1,9,0,15.87371941,0,175.2188088,463.6272379,0,1,0,444.87708
2023-12-12,1,5,0,9.054817432,0,4.844354423,557.5060941,0,1,0,516.6277
2023-12-13,2,23,0,20.62360197,0,2.002595341,541.8054436,0,1,0,511.33096
2023-12-13,2,22,0,15.87873396,0,8.734804568,556.3684549,0,1,0,604.83746
2023-12-13,2,21,0,2.090247262,0,0.056497415,587.867341,0,1,0,590.3329
2023-12-13,2,20,0,25.66453664,0,3.119050318,634.6827918,0,1,0,637.67377
2023-12-13,2,19,0,16.99675769,0,3.181462595,632.7216783,0,1,0,622.349
2023-12-13,2,18,0,18.22428219,0,169.587967,567.2163471,0,1,0,550.4118
2023-12-13,2,17,0,12.45804644,0,207.1336379,437.8343628,0,1,0,424.807
2023-12-13,2,16,0,17.64376052,0,82.45831182,419.2663403,0,1,0,495.8194
2023-12-13,2,15,0,8.44767942,0,227.5040862,317.9433338,0,1,0,404.73203
2023-12-13,2,13,0,17.07854269,0,175.1896,375.4923506,0,1,0,448.05093
2023-12-13,2,12,0,12.83245361,0,257.5644192,391.769865,0,1,0,400.51047
2023-12-13,2,14,0,12.40165895,0,221.9361977,363.0198831,0,1,0,414.82574
2023-12-13,2,10,0,7.646090556,0,171.8782014,451.4888004,0,1,0,430.54727
2023-12-13,2,11,0,17.40193748,0,112.1745791,451.7833746,0,1,0,480.67593
2023-12-13,2,1,0,12.22697898,0,6.513251863,536.9959666,0,1,0,520.3582
2023-12-13,2,2,0,8.960064277,0,1.752745526,518.6610741,0,1,0,516.59064
2023-12-13,2,3,0,13.19377355,0,0.946234536,526.4461199,0,1,0,526.1188
2023-12-13,2,4,0,16.85732584,0,1.5004088,637.1244892,0,1,0,533.3194
2023-12-13,2,0,0,23.73023671,0,9.989065906,487.5558385,0,1,0,541.8909
2023-12-13,2,6,0,11.08206566,0,256.8475517,455.2831615,0,1,0,397.86896
2023-12-13,2,7,0,12.25557291,0,170.3586802,463.7912168,0,1,0,439.64444
2023-12-13,2,8,0,10.70505927,0,118.0636886,436.3731282,0,1,0,463.56778
2023-12-13,2,9,0,22.55625732,0,213.4883818,354.8284397,0,1,0,439.20813
2023-12-13,2,5,0,18.09442617,0,0.184729164,557.2472504,0,1,0,536.5131
2023-12-14,3,13,0,19.42968869,0,116.2941297,457.0174656,0,1,0,482.60803
2023-12-14,3,23,0,5.981997312,0,8.250097042,536.878527,0,1,0,484.1571
2023-12-14,3,22,0,18.00090973,0,8.214855558,570.5755455,0,1,0,609.28986
2023-12-14,3,21,0,11.82566943,0,3.713021877,672.7734017,0,1,0,612.07056
2023-12-14,3,20,0,14.70603179,0,3.366128531,665.9998558,0,1,0,617.5626
2023-12-14,3,19,0,10.87917183,0,4.848565696,589.9980776,0,1,0,609.87634
2023-12-14,3,18,0,15.80663298,0,60.6958703,581.3257201,0,1,0,599.35547
2023-12-14,3,17,0,15.91030252,0,210.6165346,435.887994,0,1,0,429.66446
2023-12-14,3,16,0,12.5964695,0,223.1516193,392.0348058,0,1,0,415.1986
2023-12-14,3,15,0,10.65692256,0,181.210825,433.5425351,0,1,0,432.17133
2023-12-14,3,12,0,14.2275438,0,214.3292567,451.6221473,0,1,0,422.66522
2023-12-14,3,14,0,11.38852123,0,97.46243836,422.0165769,0,1,0,475.80652
2023-12-14,3,10,0,4.837894836,0,188.6125811,403.28894,0,1,0,417.07538
2023-12-14,3,1,0,11.08006823,0,1.807714173,480.2437358,0,1,0,520.43195
2023-12-14,3,2,0,9.46586837,0,4.165184044,500.7836273,0,1,0,516.4457
2023-12-14,3,3,0,5.193448453,0,1.567673999,527.8846169,0,1,0,509.72485
2023-12-14,3,4,0,9.052332837,0,4.851000188,603.9748826,0,1,0,516.2435
2023-12-14,3,5,0,17.77265743,0,9.119618637,582.1639876,0,1,0,531.3234
2023-12-14,3,0,0,24.84768877,0,8.524150611,603.5406164,0,1,0,544.4987
2023-12-14,3,7,0,19.71357685,0,265.9021153,390.0469878,0,1,0,409.57892
2023-12-14,3,6,0,23.5485406,0,124.8541291,491.8463511,0,1,0,485.26175
2023-12-14,3,9,0,21.92980691,0,161.8298422,443.1947145,0,1,0,464.18842
2023-12-14,3,11,0,13.26280041,0,267.0118396,426.4222684,0,1,0,398.17175
2023-12-14,3,8,0,25.45418872,0,274.9704382,405.1329216,0,1,0,415.48407
2023-12-15,4,12,0,14.61402253,0,97.3955138,498.509188,0,1,0,482.2264
2023-12-15,4,22,0,10.32542434,0,3.650431948,701.3762787,0,1,0,600.6449
2023-12-15,4,21,0,15.45953185,0,1.396814958,578.3354658,0,1,0,619.1704
2023-12-15,4,20,0,12.12617291,0,0.555436792,566.3457252,0,1,0,612.6928
2023-12-15,4,18,0,12.07933802,0,218.8456895,568.0003553,0,1,0,513.5149
2023-12-15,4,17,0,17.9982715,0,161.9701094,487.8074488,0,1,0,457.95074
2023-12-15,4,16,0,14.95115426,0,156.7448063,530.5112433,0,1,0,453.3409
2023-12-15,4,15,0,18.30439905,0,297.9660133,338.5157191,0,1,0,393.0513
2023-12-15,4,14,0,20.8714876,0,261.8535008,403.6393097,0,1,0,412.3309
2023-12-15,4,13,0,14.33897939,0,160.6737021,488.2585562,0,1,0,449.87823
2023-12-15,4,23,0,10.15390819,0,8.059556046,614.6846935,0,1,0,492.27643
2023-12-15,4,19,0,11.72198822,0,9.835293599,578.5676996,0,1,0,610.7287
2023-12-15,4,11,0,11.66903549,0,74.35960114,517.6532441,0,1,0,487.89377
2023-12-15,4,9,0,17.55246571,0,214.0769299,373.2894976,0,1,0,429.41827
2023-12-15,4,8,0,13.26980801,0,254.3454154,391.8064851,0,1,0,404.34332
2023-12-15,4,7,0,12.69037764,0,236.8613329,421.5473668,0,1,0,410.33075
2023-12-15,4,6,0,19.02746779,0,99.30027133,539.725116,0,1,0,488.97073
2023-12-15,4,5,0,19.36021327,0,3.133755063,554.953771,0,1,0,536.8308
2023-12-15,4,4,0,20.92847422,0,3.929712045,617.0418289,0,1,0,539.2445
2023-12-15,4,3,0,17.63337833,0,3.493787544,650.7314845,0,1,0,533.06384
2023-12-15,4,2,0,11.09645493,0,5.003961972,543.0722745,0,1,0,519.2
2023-12-15,4,1,0,18.9192355,0,8.045393886,639.007896,0,1,0,532.9118
2023-12-15,4,0,0,12.35145463,0,7.010561928,466.888715,0,1,0,519.7601
2023-12-15,4,10,0,9.08852886,0,97.02164025,447.9600374,0,1,0,471.45413
2023-12-16,5,14,1,7.281424819,0,241.619981,425.5133773,0,1,0,394.55563
2023-12-16,5,15,1,14.82633693,0,119.7079025,411.9543939,0,1,0,471.01175
2023-12-16,5,16,1,20.92226462,0,150.5483875,511.8966438,0,1,0,468.20755
2023-12-16,5,17,1,14.7238472,0,81.13703417,515.7080421,0,1,0,491.82687
2023-12-16,5,13,1,17.34140854,0,107.9457351,473.212191,0,1,0,482.3229
2023-12-16,5,19,1,15.93910688,0,7.410063811,543.0164357,0,1,0,617.894
2023-12-16,5,20,1,16.39598407,0,0.469173753,623.5819973,0,1,0,619.8659
2023-12-16,5,21,1,18.04396828,0,7.040292841,632.9656432,0,1,0,622.19946
2023-12-16,5,22,1,10.05129006,0,7.580084513,644.836346,0,1,0,594.3774
2023-12-16,5,18,1,16.65778471,0,176.8893799,503.0669723,0,1,0,543.39844
2023-12-16,5,12,1,15.61925361,0,60.11679472,421.1586223,0,1,0,503.26202
2023-12-16,5,23,1,15.74235965,0,1.872973876,425.7966305,0,1,0,503.2128
2023-12-16,5,10,1,9.084878692,0,164.1750394,471.1482505,0,1,0,435.2369
2023-12-16,5,0,1,12.30738867,0,8.600863209,473.240041,0,1,0,520.01904
2023-12-16,5,1,1,26.46030382,0,6.257707079,586.6936351,0,1,0,550.1666
2023-12-16,5,2,1,7.479441482,0,9.023323563,517.4749875,0,1,0,510.37582
2023-12-16,5,3,1,21.8760233,0,6.722176043,498.9595205,0,1,0,541.24536
2023-12-16,5,4,1,16.62950449,0,2.297898608,582.824631,0,1,0,533.3401
2023-12-16,5,11,1,12.10952954,0,227.9109567,418.7055394,0,1,0,409.7766
2023-12-16,5,6,1,16.6114397,0,281.966906,442.8375805,0,1,0,394.41733
2023-12-16,5,7,1,15.70597547,0,249.9668427,385.8243834,0,1,0,406.58606
2023-12-16,5,8,1,13.70320699,0,79.56894889,473.4505131,0,1,0,488.8677
2023-12-16,5,9,1,11.97411885,0,236.6472129,474.6453933,0,1,0,405.9666
2023-12-16,5,5,1,16.53779043,0,7.476753508,495.4038235,0,1,0,530.7923
2023-12-17,6,14,1,12.79555446,0,99.17709087,447.4107457,0,1,0,477.32147
2023-12-17,6,15,1,8.705080748,0,212.7159759,472.7338778,0,1,0,410.2197
2023-12-17,6,16,1,15.52420753,0,225.6389259,390.2651097,0,1,0,418.2091
2023-12-17,6,17,1,14.6613048,0,140.0174681,463.731567,0,1,0,463.0389
2023-12-17,6,18,1,15.665304,0,69.56280639,591.2175288,0,1,0,594.84357
2023-12-17,6,20,1,11.89533007,0,9.46573617,566.0832589,0,1,0,610.31616
2023-12-17,6,21,1,19.19900058,0,4.601091533,633.4199797,0,1,0,625.02625
2023-12-17,6,22,1,11.63455703,0,4.850373622,650.0996941,0,1,0,600.43494
2023-12-17,6,23,1,5.57870155,0,8.094720168,519.2687021,0,1,0,482.70398
2023-12-17,6,13,1,14.85011138,0,242.2108925,455.3494118,0,1,0,408.6099
2023-12-17,6,19,1,16.53108094,0,6.816248875,541.8003283,0,1,0,619.4548
2023-12-17,6,12,1,17.8017624,0,238.1147536,469.1670921,0,1,0,416.0234
2023-12-17,6,3,1,11.51596157,0,4.805541236,482.2662101,0,1,0,521.3324
2023-12-17,6,10,1,7.22205004,0,288.0580708,372.1557035,0,1,0,379.5329
2023-12-17,6,1,1,11.05370462,0,2.048052004,566.5117519,0,1,0,521.07916
2023-12-17,6,2,1,18.74958727,0,3.315119363,565.5681539,0,1,0,536.2884
2023-12-17,6,11,1,11.63884437,0,268.0359122,374.2510818,0,1,0,392.79257
2023-12-17,6,4,1,13.60082527,0,4.177730082,575.2519636,0,1,0,526.12476
2023-12-17,6,0,1,11.90657458,0,7.353765811,567.276889,0,1,0,519.678
2023-12-17,6,6,1,17.06641465,0,158.9823149,556.8994717,0,1,0,453.55252
2023-12-17,6,7,1,20.59297412,0,139.1533469,358.6657186,0,1,0,471.81146
2023-12-17,6,8,1,15.26251183,0,223.7378607,380.9707809,0,1,0,417.83502
2023-12-17,6,9,1,9.602319245,0,200.7018361,428.0142515,0,1,0,417.95767
2023-12-17,6,5,1,10.70355949,0,3.840432896,468.2368655,0,1,0,520.856
2023-12-18,0,13,0,18.84832868,0,299.6902487,397.3923634,0,1,0,391.90997
2023-12-18,0,22,0,9.303370271,0,4.666776302,530.226168,0,1,0,596.1256
2023-12-18,0,21,0,19.46950161,0,7.466151563,641.5751819,0,1,0,627.32275
2023-12-18,0,20,0,15.64974803,0,9.583120226,595.2218591,0,1,0,620.47925
2023-12-18,0,19,0,16.55469294,0,2.526460982,654.9068931,0,1,0,623.2419
2023-12-18,0,18,0,16.22738286,0,173.4470733,507.6521934,0,1,0,545.2508
2023-12-18,0,17,0,11.05311819,0,149.2816533,439.6950549,0,1,0,451.135
2023-12-18,0,16,0,15.67356304,0,284.6068295,380.0120417,0,1,0,392.55463
2023-12-18,0,15,0,12.57161529,0,298.9296381,338.9418284,0,1,0,384.5975
2023-12-18,0,14,0,25.49248891,0,95.38220556,526.7353731,0,1,0,505.9587
2023-12-18,0,12,0,23.37863701,0,216.0356061,440.3950046,0,1,0,439.60458
2023-12-18,0,23,0,12.32326094,0,7.86198584,515.9505144,0,1,0,491.48328
2023-12-18,0,10,0,10.10687272,0,252.5957933,321.5761085,0,1,0,396.52203
2023-12-18,0,0,0,9.898252413,0,2.326476843,504.8397462,0,1,0,515.8014
2023-12-18,0,1,0,10.94607186,0,9.787620658,510.4666677,0,1,0,515.2209
2023-12-18,0,2,0,16.56223364,0,7.278039591,515.1522173,0,1,0,529.26886
2023-12-18,0,3,0,13.39758268,0,8.944710946,513.7403108,0,1,0,522.2836
2023-12-18,0,4,0,11.85098765,0,1.713552205,526.2401011,0,1,0,523.23285
2023-12-18,0,11,0,6.660340777,0,108.3830206,423.6802205,0,1,0,460.27994
2023-12-18,0,6,0,21.34891121,0,124.1356775,516.7865793,0,1,0,481.173
2023-12-18,0,7,0,7.739025307,0,73.04423087,574.7692274,0,1,0,479.50482
2023-12-18,0,8,0,16.57400552,0,64.35046895,497.9635538,0,1,0,502.7616
2023-12-18,0,9,0,14.05426628,0,142.8576763,418.231781,0,1,0,457.43027
2023-12-18,0,5,0,16.04400755,0,7.049615048,475.8565969,0,1,0,529.39185
2023-12-19,1,13,0,15.22906407,0,236.571744,439.2276126,0,1,0,412.7196
2023-12-19,1,22,0,15.74982939,0,7.601249292,628.8383012,0,1,0,604.71594
2023-12-19,1,21,0,25.69360798,0,9.952031698,562.9640503,0,1,0,636.3925
2023-12-19,1,20,0,16.93687197,0,2.607613489,640.3261546,0,1,0,622.8376
2023-12-19,1,19,0,21.98147666,0,0.051592881,614.7660726,0,1,0,632.75616
2023-12-19,1,18,0,17.39525245,0,235.2768097,505.3626906,0,1,0,517.0244
2023-12-19,1,17,0,6.196689903,0,168.3993875,376.3269058,0,1,0,432.19708
2023-12-19,1,16,0,13.72801252,0,158.1506435,477.5388185,0,1,0,450.19376
2023-12-19,1,15,0,10.22871138,0,232.5994493,324.2565387,0,1,0,405.2894
2023-12-19,1,14,0,18.96144218,0,248.2346276,415.7665497,0,1,0,414.59433
2023-12-19,1,11,0,21.67459334,0,267.2750744,285.7241816,0,1,0,411.38416
2023-12-19,1,23,0,13.69094148,0,0.703958817,433.6515576,0,1,0,498.4608
2023-12-19,1,12,0,15.57024912,0,61.06407503,434.1407978,0,1,0,502.64627
2023-12-19,1,0,0,19.53975432,0,9.577662844,581.5480688,0,1,0,533.6501
2023-12-19,1,1,0,8.613502416,0,4.689881058,510.2382137,0,1,0,513.24664
2023-12-19,1,2,0,12.47143813,0,2.082005153,479.9365766,0,1,0,523.55963
2023-12-19,1,3,0,25.80460236,0,9.818199551,485.026518,0,1,0,546.5747
2023-12-19,1,4,0,14.2556126,0,3.825206563,565.3370682,0,1,0,527.1643
2023-12-19,1,10,0,15.91701241,0,198.58738,443.5760301,0,1,0,433.24088
2023-12-19,1,6,0,31.69895166,0,150.4913759,522.5080242,0,1,0,489.04016
2023-12-19,1,7,0,12.61091707,0,248.1367872,373.1717474,0,1,0,403.44177
2023-12-19,1,8,0,11.53488506,0,109.3869289,423.7704858,0,1,0,469.492
2023-12-19,1,9,0,33.25845804,0,182.9478987,464.0708254,0,1,0,476.64084
2023-12-19,1,5,0,10.50711464,0,7.403163856,493.4305927,0,1,0,518.2331
2023-12-20,2,13,0,21.63716739,0,172.1121713,430.5005783,0,1,0,458.94116
2023-12-20,2,14,0,15.96261184,0,257.1362901,388.1001549,0,1,0,405.51117
2023-12-20,2,15,0,10.22646627,0,274.31722,382.6983526,0,1,0,389.29083
2023-12-20,2,16,0,11.28209812,0,212.3649277,446.8939429,0,1,0,417.72974
2023-12-20,2,17,0,18.28449049,0,232.5929686,423.7163446,0,1,0,423.15247
2023-12-20,2,19,0,16.25978278,0,6.46221611,563.8916996,0,1,0,620.4389
2023-12-20,2,20,0,10.20824103,0,4.783805166,643.4356161,0,1,0,609.02545
2023-12-20,2,21,0,9.774296131,0,8.40687737,611.1771297,0,1,0,608.1886
2023-12-20,2,22,0,16.73234798,0,9.871335995,529.5603803,0,1,0,605.45685
2023-12-20,2,12,0,17.69059086,0,91.59573207,461.4523232,0,1,0,491.64044
2023-12-20,2,18,0,8.613433778,0,126.5251516,552.2757737,0,1,0,552.5872
2023-12-20,2,23,0,13.76727903,0,3.003096665,502.332982,0,1,0,498.2227
2023-12-20,2,11,0,15.09220927,0,264.2123734,497.9744091,0,1,0,401.88602
2023-12-20,2,9,0,13.47849506,0,111.1154289,389.2978598,0,1,0,473.00098
2023-12-20,2,8,0,21.59963321,0,253.3927386,424.8288188,0,1,0,417.5294
2023-12-20,2,7,0,15.26123083,0,123.2557091,492.9061589,0,1,0,469.7695
2023-12-20,2,6,0,16.95332143,0,135.8318096,447.7368788,0,1,0,466.2695
2023-12-20,2,5,0,6.663476521,0,4.910781928,544.2803067,0,1,0,511.9451
2023-12-20,2,4,0,6.362868368,0,2.842151593,432.7210861,0,1,0,511.90866
2023-12-20,2,3,0,14.23033916,0,3.545149876,552.8246465,0,1,0,526.87726
2023-12-20,2,2,0,16.78308076,0,0.745732154,550.1183231,0,1,0,533.0291
2023-12-20,2,1,0,13.41694564,0,9.794518056,565.5706957,0,1,0,521.1766
2023-12-20,2,0,0,16.6382528,0,5.409063116,482.7406208,0,1,0,529.6858
2023-12-20,2,10,0,13.65955464,0,149.431681,422.7152854,0,1,0,454.04202
2023-12-21,3,13,0,17.04074994,0,188.9506168,449.7465852,0,1,0,441.0335
2023-12-21,3,14,0,14.33856422,0,60.04573032,470.1769155,0,1,0,500.12888
2023-12-21,3,15,0,17.69061334,0,52.74672206,477.8512316,0,1,0,510.02927
2023-12-21,3,16,0,11.49071186,0,148.665543,437.6322453,0,1,0,450.46182
2023-12-21,3,17,0,16.89385293,0,280.2760355,402.3437248,0,1,0,398.40417
2023-12-21,3,22,0,3.566071567,0,1.427019078,685.270286,0,1,0,588.3764
2023-12-21,3,19,0,8.424970624,0,9.883101783,638.914046,0,1,0,604.6174
2023-12-21,3,20,0,19.96558127,0,3.564704692,664.3953589,0,1,0,627.2126
2023-12-21,3,21,0,16.55697911,0,5.820746704,613.7481329,0,1,0,620.74506
2023-12-21,3,12,0,16.04691476,0,142.0187075,468.043136,0,1,0,462.78577
2023-12-21,3,18,0,11.95530343,0,67.89020813,626.3800762,0,1,0,587.69244
2023-12-21,3,23,0,20.08285185,0,4.526666022,428.4585843,0,1,0,509.588
2023-12-21,3,11,0,15.89850134,0,234.8363539,352.4556842,0,1,0,415.8234
2023-12-21,3,9,0,15.18480177,0,175.441532,431.5821779,0,1,0,443.88684
2023-12-21,3,0,0,5.147350947,0,1.084003884,502.5187402,0,1,0,507.42276
2023-12-21,3,1,0,14.05487991,0,7.86068355,543.8276426,0,1,0,523.4571
2023-12-21,3,2,0,10.24334877,0,9.349840722,555.7399351,0,1,0,515.3537
2023-12-21,3,3,0,11.83544523,0,1.108549057,535.3136758,0,1,0,523.2406
2023-12-21,3,10,0,19.04017921,0,198.6552629,477.3061183,0,1,0,440.00778
2023-12-21,3,5,0,15.45407525,0,8.637247156,525.9278892,0,1,0,527.119
2023-12-21,3,6,0,17.77860759,0,88.48958982,466.0625777,0,1,0,492.1539
2023-12-21,3,7,0,10.06285339,0,232.503413,329.7759038,0,1,0,407.26733
2023-12-21,3,8,0,19.05813006,0,256.218124,499.3720692,0,1,0,412.5673
2023-12-21,3,4,0,8.062264219,0,6.263195542,540.8954316,0,1,0,513.5603
2023-12-22,4,14,0,10.60702176,0,285.786066,427.7616188,0,1,0,387.11844
2023-12-22,4,23,0,19.92664444,0,4.00295635,509.6269512,0,1,0,511.20038
2023-12-22,4,22,0,18.55324114,0,9.10868583,659.2189129,0,1,0,610.6207
2023-12-22,4,21,0,20.31870966,0,1.284217524,641.9383072,0,1,0,628.0087
2023-12-22,4,20,0,17.9836635,0,5.557011204,716.5259906,0,1,0,623.06287
2023-12-22,4,19,0,9.924726469,0,6.199569761,612.3215495,0,1,0,607.6513
2023-12-22,4,18,0,12.48550532,0,258.2539681,472.1556866,0,1,0,496.74496
2023-12-22,4,17,0,18.92185559,0,116.6895953,478.0559479,0,1,0,481.71973
2023-12-22,4,16,0,13.93235374,0,123.4808144,467.8287198,0,1,0,467.87997
2023-12-22,4,15,0,15.23519758,0,83.06546027,572.855284,0,1,0,490.35333
2023-12-22,4,13,0,14.11638476,0,202.168811,509.0785458,0,1,0,428.59927
2023-12-22,4,12,0,12.74526634,0,101.7481898,436.6036826,0,1,0,476.34314
2023-12-22,4,0,0,15.46703227,0,3.438481079,543.9762446,0,1,0,528.01526
2023-12-22,4,11,0,19.59870437,0,243.1182944,363.2451368,0,1,0,419.18457
2023-12-22,4,1,0,15.11368314,0,9.058052305,435.3462528,0,1,0,524.8142
2023-12-22,4,2,0,23.99930362,0,0.660603888,525.6738841,0,1,0,546.3131
2023-12-22,4,4,0,14.02996212,0,8.136736794,566.0236274,0,1,0,524.0878
2023-12-22,4,5,0,12.40394107,0,3.012160966,537.285554,0,1,0,523.7825
2023-12-22,4,3,0,13.33790953,0,9.659806276,393.9442854,0,1,0,521.67236
2023-12-22,4,7,0,15.30247986,0,289.8351601,347.2102491,0,1,0,393.55362
2023-12-22,4,8,0,21.44411783,0,173.5830344,469.5312291,0,1,0,456.9211
2023-12-22,4,9,0,21.71575858,0,230.0333713,413.7647595,0,1,0,429.60822
2023-12-22,4,10,0,10.52381664,0,84.94413708,520.9989741,0,1,0,480.32538
2023-12-22,4,6,0,28.29528251,0,225.2186412,423.3801923,0,1,0,443.61972
2023-12-23,5,17,1,18.52999739,0,217.3385451,476.9636215,0,1,0,431.29083
2023-12-23,5,14,1,11.58375785,0,162.5320656,338.0203593,0,1,0,441.74094
2023-12-23,5,15,1,15.42617109,0,298.9521894,362.7155053,0,1,0,386.05862
2023-12-23,5,16,1,19.53368561,0,227.7861738,413.1722102,0,1,0,425.3122
2023-12-23,5,18,1,14.00053161,0,76.22088161,557.6035942,0,1,0,588.23096
2023-12-23,5,13,1,3.832599459,0,268.9836334,351.9762446,0,1,0,380.1902
2023-12-23,5,20,1,19.0690006,0,8.307929004,591.7469273,0,1,0,623.78265
2023-12-23,5,21,1,13.91874778,0,8.846901475,647.9462029,0,1,0,614.1283
2023-12-23,5,22,1,18.67302247,0,9.249880122,664.3049896,0,1,0,608.8904
2023-12-23,5,23,1,8.928086818,0,4.127424341,567.8928518,0,1,0,488.173
2023-12-23,5,19,1,16.06834301,0,4.946570879,555.1178582,0,1,0,618.5349
2023-12-23,5,12,1,7.928035104,0,169.9342828,441.0029349,0,1,0,429.98972
2023-12-23,5,11,1,23.18263827,0,176.1303534,455.0767011,0,1,0,458.92322
2023-12-23,5,10,1,9.572753347,0,147.9559833,519.1656859,0,1,0,444.75186
2023-12-23,5,9,1,24.3162824,0,270.9968271,437.966882,0,1,0,413.2639
2023-12-23,5,8,1,17.49171185,0,178.8071609,522.6079325,0,1,0,444.75864
2023-12-23,5,7,1,22.49915332,0,124.1677337,455.8650455,0,1,0,483.7254
2023-12-23,5,6,1,17.67759945,0,203.6969653,414.3023649,0,1,0,431.10916
2023-12-23,5,5,1,10.61283632,0,8.715735693,601.7405277,0,1,0,518.37714
2023-12-23,5,4,1,13.78262852,0,1.546655869,474.2978336,0,1,0,528.10175
2023-12-23,5,3,1,18.83250962,0,0.26179789,587.7288352,0,1,0,538.4709
2023-12-23,5,2,1,6.878088625,0,7.565138222,493.3824826,0,1,0,509.87823
2023-12-23,5,1,1,4.804506035,0,0.607726887,497.9552982,0,1,0,508.55374
2023-12-23,5,0,1,14.95060957,0,6.004811829,649.8100225,0,1,0,527.06903
2023-12-24,6,14,1,17.15107514,0,275.685452,423.7532465,0,1,0,398.36948
2023-12-24,6,15,1,13.92567321,0,84.23393054,477.6880181,0,1,0,487.2384
2023-12-24,6,16,1,13.35331892,0,218.0206372,390.3953416,0,1,0,417.5403
2023-12-24,6,17,1,15.33032303,0,107.6105034,529.6892729,0,1,0,480.2762
2023-12-24,6,18,1,17.57572169,0,291.5708585,419.7341168,0,1,0,491.9444
2023-12-24,6,23,1,14.35115428,0,4.292669431,549.4372136,0,1,0,500.9963
2023-12-24,6,20,1,13.76238017,0,2.471250141,643.9259269,0,1,0,614.85266
2023-12-24,6,21,1,18.07509719,0,4.260476194,652.3064699,0,1,0,623.03656
2023-12-24,6,22,1,23.33752699,0,2.314092446,604.8720447,0,1,0,624.2467
2023-12-24,6,13,1,2.874336701,0,245.4543971,369.1711348,0,1,0,386.1664
2023-12-24,6,19,1,19.51939651,0,9.621528206,657.6392016,0,1,0,624.44977
2023-12-24,6,12,1,7.613551534,0,114.0147089,476.4116101,0,1,0,458.897
2023-12-24,6,11,1,18.82442381,0,266.4355225,314.9161605,0,1,0,405.90692
2023-12-24,6,10,1,17.58305071,0,155.5803434,523.1102978,0,1,0,457.85104
2023-12-24,6,1,1,15.36249643,0,5.210770981,427.257803,0,1,0,528.35315
2023-12-24,6,2,1,16.52652385,0,5.39104327,443.1649339,0,1,0,530.847
2023-12-24,6,3,1,19.54362552,0,3.820333026,471.4744956,0,1,0,537.7347
2023-12-24,6,4,1,14.35323625,0,6.553142852,485.6078136,0,1,0,526.4156
2023-12-24,6,0,1,18.92242953,0,7.368369615,516.1159206,0,1,0,534.3402
2023-12-24,6,6,1,13.12852071,0,92.56944276,502.1922248,0,1,0,480.13263
2023-12-24,6,7,1,17.23284298,0,220.8469721,366.7964951,0,1,0,422.63797
2023-12-24,6,8,1,7.292305124,0,296.7449226,362.8122925,0,1,0,376.97485
2023-12-24,6,9,1,3.772601937,0,160.3159306,285.0858535,0,1,0,426.55392
2023-12-24,6,5,1,22.18012902,0,4.966504839,454.8305659,0,1,0,542.4858
2023-12-25,0,13,0,21.14466701,0,124.0213405,562.8465337,0,1,0,482.5647
2023-12-25,0,22,0,14.95780974,0,5.305395886,546.6092753,0,1,0,604.5451
2023-12-25,0,21,0,18.83067811,0,4.55201804,642.9899676,0,1,0,626.6721
2023-12-25,0,20,0,19.24646701,0,3.757594076,724.6759393,0,1,0,627.69885
2023-12-25,0,19,0,15.55107491,0,8.198558855,654.1560652,0,1,0,620.5725
2023-12-25,0,18,0,11.40696043,0,120.945197,555.3612951,0,1,0,562.03186
2023-12-25,0,17,0,13.47401505,0,215.6167932,400.1181637,0,1,0,422.12347
2023-12-25,0,16,0,18.68017206,0,92.93376536,517.6630518,0,1,0,493.12454
2023-12-25,0,15,0,17.45525565,0,256.8087269,324.25727,0,1,0,407.3924
2023-12-25,0,14,0,16.79130261,0,251.7982837,364.9855411,0,1,0,408.37204
2023-12-25,0,12,0,17.6815727,0,183.058014,385.3631292,0,1,0,444.7562
2023-12-25,0,23,0,20.29087701,0,9.867043262,627.6309885,0,1,0,502.43567
2023-12-25,0,10,0,18.04598744,0,262.6637221,483.5581053,0,1,0,406.39703
2023-12-25,0,0,0,9.660412197,0,1.656701207,477.5377105,0,1,0,515.6047
2023-12-25,0,1,0,14.18419267,0,6.935697835,464.1526816,0,1,0,523.84705
2023-12-25,0,2,0,13.6401979,0,4.094822376,516.3594771,0,1,0,524.72656
2023-12-25,0,3,0,15.00051831,0,6.796906047,549.9493666,0,1,0,526.7018
2023-12-25,0,4,0,22.52086913,0,6.571928823,522.6115868,0,1,0,542.1163
2023-12-25,0,11,0,22.56619837,0,117.6265524,542.5910762,0,1,0,488.61346
2023-12-25,0,6,0,4.813677342,0,208.6044419,366.500255,0,1,0,404.52588
2023-12-25,0,7,0,9.49365816,0,130.8113809,485.7336844,0,1,0,453.18643
2023-12-25,0,8,0,15.27532773,0,213.3009972,410.3056438,0,1,0,423.0456
2023-12-25,0,9,0,16.98273472,0,290.224102,344.9830493,0,1,0,392.8594
2023-12-25,0,5,0,20.18033199,0,4.06497107,497.8013133,0,1,0,538.95184
2023-12-26,1,14,0,15.61615158,0,190.7274111,465.9135726,0,1,0,437.0272
2023-12-26,1,15,0,10.92640598,0,216.1884491,474.7570415,0,1,0,414.40704
2023-12-26,1,16,0,15.5448675,0,295.7605226,375.218691,0,1,0,389.53683
2023-12-26,1,17,0,14.97084865,0,175.9372044,426.2716978,0,1,0,445.4305
2023-12-26,1,18,0,10.62270525,0,164.3402367,471.9481592,0,1,0,538.12866
2023-12-26,1,20,0,13.41049366,0,9.328041366,650.1755102,0,1,0,615.54
2023-12-26,1,21,0,17.78968813,0,9.912186719,664.4805469,0,1,0,623.2655
2023-12-26,1,22,0,18.00074925,0,6.150284315,558.2454986,0,1,0,609.12146
2023-12-26,1,23,0,8.37659025,0,2.399138734,559.3340828,0,1,0,488.15613
2023-12-26,1,13,0,13.38711291,0,187.8528902,398.1929692,0,1,0,433.81116
2023-12-26,1,19,0,7.316002139,0,5.189533841,629.974187,0,1,0,603.84265
2023-12-26,1,12,0,9.202322276,0,203.4101611,334.9059399,0,1,0,417.19708
2023-12-26,1,11,0,9.295120633,0,218.3614902,484.0911848,0,1,0,410.5022
2023-12-26,1,10,0,4.008311844,0,220.7437464,426.8355999,0,1,0,400.3651
2023-12-26,1,1,0,10.48286823,0,8.457428262,399.625778,0,1,0,515.3719
2023-12-26,1,2,0,17.99524309,0,5.447255207,576.959653,0,1,0,533.2048
2023-12-26,1,3,0,15.26402004,0,4.997353246,590.992932,0,1,0,528.2527
2023-12-26,1,4,0,19.81217345,0,4.093993897,555.4994985,0,1,0,537.93835
2023-12-26,1,0,0,17.17947235,0,0.08579623,535.1697443,0,1,0,533.43335
2023-12-26,1,6,0,17.29573367,0,163.0553558,494.5957167,0,1,0,452.65445
2023-12-26,1,7,0,11.26666143,0,279.997145,436.3153821,0,1,0,387.91608
2023-12-26,1,8,0,14.56088888,0,74.30852578,417.7136592,0,1,0,493.63416
2023-12-26,1,9,0,25.93604306,0,85.19745808,538.9846101,0,1,0,511.4818
2023-12-26,1,5,0,17.1485834,0,9.281333095,545.7068304,0,1,0,530.45776
2023-12-27,2,13,0,16.48915785,0,204.7762521,450.286793,0,1,0,431.79254
2023-12-27,2,22,0,13.02874843,0,5.448466294,599.5457822,0,1,0,602.18243
2023-12-27,2,21,0,8.267749518,0,1.484280735,648.0548756,0,1,0,605.0188
2023-12-27,2,20,0,16.19852265,0,4.966831691,644.181352,0,1,0,620.5336
2023-12-27,2,19,0,18.1073821,0,4.89147582,701.2659778,0,1,0,624.10504
2023-12-27,2,18,0,22.17581833,0,168.7631561,469.4430103,0,1,0,558.9837
2023-12-27,2,17,0,18.7777444,0,195.9284322,358.2675545,0,1,0,442.68375
2023-12-27,2,16,0,16.71066062,0,226.7719547,520.0359548,0,1,0,421.62396
2023-12-27,2,15,0,24.33405625,0,209.7033345,429.6781658,0,1,0,445.6694
2023-12-27,2,14,0,15.59398136,0,274.4266834,507.1233905,0,1,0,397.71188
2023-12-27,2,12,0,12.59073673,0,298.7180269,417.0918971,0,1,0,385.23068
2023-12-27,2,23,0,12.3387481,0,0.616067545,572.56317,0,1,0,497.081
2023-12-27,2,10,0,13.19401355,0,250.2306847,398.2998873,0,1,0,404.64774
2023-12-27,2,0,0,21.47848719,0,4.664656358,510.5036285,0,1,0,539.9766
2023-12-27,2,1,0,8.011241891,0,0.108516252,484.1246307,0,1,0,514.7419
2023-12-27,2,2,0,20.07173191,0,3.833744137,514.2929153,0,1,0,538.00055
2023-12-27,2,3,0,23.4174085,0,9.440000188,565.0308425,0,1,0,541.9329
2023-12-27,2,4,0,13.39080902,0,0.405985079,557.2095162,0,1,0,527.1222
2023-12-27,2,11,0,12.0490465,0,174.1505397,581.9398416,0,1,0,438.32138
2023-12-27,2,6,0,12.43862763,0,199.0507391,427.7653649,0,1,0,424.9525
2023-12-27,2,7,0,9.285336987,0,228.8447564,358.9013471,0,1,0,406.71228
2023-12-27,2,8,0,14.00191078,0,62.521666,445.6158496,0,1,0,498.40533
2023-12-27,2,9,0,14.05736336,0,255.8461784,419.2825195,0,1,0,403.89084
2023-12-27,2,5,0,16.76474971,0,2.212597896,594.0551244,0,1,0,533.00366
2023-12-28,3,13,0,27.631754,0,179.4738864,505.6854463,0,1,0,467.3561
2023-12-28,3,22,0,15.712898,0,6.310889805,635.4129123,0,1,0,606.82697
2023-12-28,3,21,0,14.38507039,0,4.497601764,627.3469303,0,1,0,616.9165
2023-12-28,3,20,0,13.23090415,0,2.091547672,704.5428497,0,1,0,614.8503
2023-12-28,3,19,0,12.68261079,0,8.821610607,650.9167099,0,1,0,612.9456
2023-12-28,3,18,0,20.45465582,0,266.5643425,578.6354796,0,1,0,507.45773
2023-12-28,3,17,0,19.05590642,0,102.8073707,440.237759,0,1,0,488.68097
2023-12-28,3,16,0,19.15231825,0,299.7624227,484.974187,0,1,0,393.5753
2023-12-28,3,15,0,13.40142633,0,101.8557389,522.1358449,0,1,0,477.62845
2023-12-28,3,14,0,12.61460194,0,204.0863965,455.1329827,0,1,0,424.5116
2023-12-28,3,12,0,1.226575254,0,234.7201362,443.3190451,0,1,0,390.8891
2023-12-28,3,23,0,14.03321871,0,1.89134124,476.8136219,0,1,0,500.70734
2023-12-28,3,10,0,19.01844485,0,192.7043133,371.6483963,0,1,0,442.95578
2023-12-28,3,0,0,18.16470027,0,1.515247682,628.1988126,0,1,0,534.6712
2023-12-28,3,1,0,25.29047143,0,7.902084718,558.1415119,0,1,0,545.70306
2023-12-28,3,2,0,13.00895757,0,7.321131802,557.8160144,0,1,0,522.02936
2023-12-28,3,3,0,9.220754858,0,6.260903544,525.8865407,0,1,0,515.3911
2023-12-28,3,4,0,21.71229339,0,2.134146978,549.9078095,0,1,0,541.94855
2023-12-28,3,11,0,16.15421754,0,88.3577398,455.4006213,0,1,0,489.9973
2023-12-28,3,6,0,8.395370306,0,106.5669264,474.2431212,0,1,0,464.01556
2023-12-28,3,7,0,10.45670562,0,131.6338236,501.0102105,0,1,0,455.94907
2023-12-28,3,8,0,15.39045797,0,196.8669288,458.47736,0,1,0,433.30502
2023-12-28,3,9,0,16.96971194,0,249.4069337,421.0184578,0,1,0,411.89877
2023-12-28,3,5,0,13.33412267,0,7.565108766,556.3689139,0,1,0,523.565
2023-12-29,4,13,0,13.75298115,0,53.63632983,491.3886867,0,1,0,502.02917
2023-12-29,4,14,0,16.20932665,0,299.1412818,367.0210622,0,1,0,389.55933
2023-12-29,4,15,0,20.00817274,0,155.1150916,398.1149143,0,1,0,464.2029
2023-12-29,4,16,0,12.72197178,0,65.2646622,460.4162542,0,1,0,493.93027
2023-12-29,4,17,0,3.655211633,0,188.9036086,376.6784815,0,1,0,417.3986
2023-12-29,4,19,0,5.625792553,0,6.55445989,620.3259784,0,1,0,598.76874
2023-12-29,4,20,0,19.97886244,0,3.370748527,634.7867015,0,1,0,627.0392
2023-12-29,4,21,0,15.02741244,0,1.859135016,586.1059285,0,1,0,618.3055
2023-12-29,4,22,0,12.60806623,0,8.422718907,555.1888197,0,1,0,601.9828
2023-12-29,4,12,0,18.62906863,0,139.1596621,467.9254372,0,1,0,469.28314
2023-12-29,4,18,0,14.37779655,0,133.8812231,596.6550636,0,1,0,559.7747
2023-12-29,4,23,0,13.89986195,0,1.224644933,510.1222613,0,1,0,502.46777
2023-12-29,4,11,0,15.23953381,0,269.842064,379.4613267,0,1,0,400.66385
2023-12-29,4,9,0,12.97649795,0,245.718879,428.6862265,0,1,0,407.24576
2023-12-29,4,8,0,10.08816242,0,119.530092,417.5202813,0,1,0,461.7614
2023-12-29,4,7,0,17.09541163,0,53.45319687,518.6319847,0,1,0,508.42416
2023-12-29,4,6,0,6.238571858,0,153.7842424,412.2815149,0,1,0,436.2841
2023-12-29,4,5,0,16.06452998,0,2.350778037,450.6172943,0,1,0,531.0336
2023-12-29,4,4,0,17.93449374,0,9.897839286,575.0465383,0,1,0,530.7236
2023-12-29,4,3,0,20.01283041,0,3.380561405,501.0888391,0,1,0,537.6469
2023-12-29,4,2,0,23.9551637,0,0.973424667,593.9940071,0,1,0,546.0847
2023-12-29,4,1,0,3.881073286,0,8.707721534,451.7370505,0,1,0,501.7842
2023-12-29,4,0,0,22.23338504,0,2.105791922,560.9494761,0,1,0,542.13934
2023-12-29,4,10,0,3.945701714,0,293.6003111,410.0318591,0,1,0,378.35648
2023-12-30,5,14,1,24.02041953,0,185.1016183,531.3886314,0,1,0,456.41418
2023-12-30,5,15,1,11.07233616,0,117.7825049,515.8582922,0,1,0,464.0848
2023-12-30,5,16,1,12.86660132,0,85.27414133,518.4530955,0,1,0,484.56845
2023-12-30,5,17,1,21.69373373,0,234.085669,412.0714156,0,1,0,428.9737
2023-12-30,5,13,1,14.22223157,0,256.0315683,430.5094248,0,1,0,401.13516
2023-12-30,5,19,1,5.854839494,0,6.833831019,523.8911759,0,1,0,596.39484
2023-12-30,5,20,1,10.28748808,0,6.321843088,614.9525976,0,1,0,606.6452
2023-12-30,5,21,1,13.72846854,0,4.988534285,633.9111828,0,1,0,614.12836
2023-12-30,5,22,1,12.06960485,0,7.831030628,616.8914937,0,1,0,597.89966
2023-12-30,5,18,1,9.582657574,0,196.3814911,509.8000329,0,1,0,519.18896
2023-12-30,5,12,1,13.05049736,0,238.6488237,397.5180512,0,1,0,406.66644
2023-12-30,5,23,1,15.54292887,0,2.843539433,497.2331417,0,1,0,502.13364
2023-12-30,5,10,1,19.95318409,0,70.80463154,528.4928122,0,1,0,506.7366
2023-12-30,5,9,1,13.10081142,0,248.5788534,453.4243695,0,1,0,402.9198
2023-12-30,5,8,1,9.925223499,0,117.280545,453.3769252,0,1,0,461.0323
2023-12-30,5,7,1,13.30014485,0,208.0962126,447.8892359,0,1,0,420.2786
2023-12-30,5,6,1,19.24326488,0,145.381744,529.7038354,0,1,0,465.09485
2023-12-30,5,5,1,17.08550419,0,9.701964576,464.3350207,0,1,0,530.76514
2023-12-30,5,4,1,16.64648908,0,7.274633816,462.0025673,0,1,0,530.8987
2023-12-30,5,3,1,12.58297028,0,1.266367117,586.1764955,0,1,0,525.5552
2023-12-30,5,2,1,15.54481581,0,4.79464456,453.6496634,0,1,0,529.47437
2023-12-30,5,1,1,22.15947429,0,3.342806236,480.9100787,0,1,0,543.26227
2023-12-30,5,0,1,15.66577282,0,4.705424124,477.5453347,0,1,0,529.2556
2023-12-30,5,11,1,15.68051376,0,134.012635,430.5021598,0,1,0,465.12772
2023-12-31,6,0,1,18.03059849,0,2.19629441,525.8704256,0,1,0,535.12445
